{
  "tcp_mode": "server",
  "matlab_server_ip": "127.0.0.1",
  "matlab_server_port": 5000,
  
  "devices": {
    "ars": {
      "enabled": true,
      "matlab_ports": [5000, 5001, 5002, 5003, 5004, 5005],
      "duplicate_primary_to_redundant": true,
      "redundant_variation_percent": 0.1,
      "output_mode": "serial",
      "output_config": {
        "port": "/dev/ttyUSB0",
        "baud_rate": 115200,
        "data_bits": 8,
        "stop_bits": 1,
        "parity": "N",
        "timeout": 1.0,
        "flow_control": "none"
      },
      "endianness": "little",
      
      "_comment_loopback": "USB Loopback Testing (for development/testing)",
      "usb_loopback_enabled": false,
      "usb_loopback_port": "/dev/ttyUSB0",
      
      "_comment_logging": "Packet Logging (for production with real devices)",
      "log_packets_to_file": true,
      "packet_log_file": "ars_packets.log"
    },
    
    "magnetometer": {
      "enabled": true,
      "matlab_ports": [6000, 6001, 6002],
      "output_mode": "can",
      "output_config": {
        "interface": "socketcan",
        "channel": "can0",
        "bitrate": 500000,
        "timeout": 1.0
      },
      "endianness": "little",
      
      "_comment_loopback": "USB Loopback Testing (for development/testing)",
      "usb_loopback_enabled": false,
      "usb_loopback_port": "/dev/ttyUSB1",
      
      "_comment_logging": "Packet Logging (for production with real devices)",
      "log_packets_to_file": true,
      "packet_log_file": "magnetometer_packets.log"
    },
    
    "reaction_wheel": {
      "enabled": false,
      "matlab_ports": [7000, 7001, 7002, 7003],
      "output_mode": "tcp",
      "output_config": {
        "target_ip": "192.168.1.200",
        "target_port": 8000,
        "timeout": 5.0,
        "keepalive": true,
        "buffer_size": 4096
      },
      "endianness": "little",
      
      "_comment_loopback": "USB Loopback Testing (for development/testing)",
      "usb_loopback_enabled": false,
      "usb_loopback_port": "/dev/ttyUSB2",
      
      "_comment_logging": "Packet Logging (for production with real devices)",
      "log_packets_to_file": true,
      "packet_log_file": "reaction_wheel_packets.log"
    }
  },
  
  "_configuration_notes": {
    "usb_loopback_testing": {
      "description": "For development and testing with USB loopback cables",
      "setup": "Connect USB-to-USB cables between assigned ports",
      "usage": "Set usb_loopback_enabled: true, log_packets_to_file: false"
    },
    "packet_logging": {
      "description": "For production use with real devices",
      "setup": "Connect real devices to assigned USB ports",
      "usage": "Set usb_loopback_enabled: false, log_packets_to_file: true",
      "log_format": "TIMESTAMP | PACKET_SIZE | HEX_DATA"
    }
  }
}
